mp11_au_code,mp11_feature_id,mp11_curve_lane,mp11_thlb_area_ha,phase5_au_id,phase5_feature_id,phase5_stratum_code,phase5_match_confidence,species_overlap_ratio,mean_si_abs_diff,max_volume_pct_delta,volume_age_100_pct_delta,mp11_volume_age_100,phase5_volume_age_100,comparison_class,review_status,model_input_status,plot_path,plot_exists,plot_size_bytes,plot_review_note
FMH01,611403,future_managed,939.0,cwhvm2_hw_ba_l,600123,CWHvm2_HW+BA,medium,0.667,0.44,-41.577,-52.841,316.2,670.5,large_difference_review_required,failed_tipsy_below_vdyp_sanity_review,not_model_input,plots/mp11_managed_curve_comparison/mp11-fmh01_vs_phase5-cwhvm2-hw-ba-l.png,True,94035,Maintainer plot review rejected this generated TIPSY curve because plantation yield should meet or beat the matched natural VDYP curve; observed TIPSY is substantially below VDYP.
FMH22,611413,future_managed,216.0,cwhvm2_hw_ba_l,600123,CWHvm2_HW+BA,medium,0.667,0.44,-42.599,-57.942,282.0,670.5,large_difference_review_required,failed_tipsy_below_vdyp_sanity_review,not_model_input,plots/mp11_managed_curve_comparison/mp11-fmh22_vs_phase5-cwhvm2-hw-ba-l.png,True,94772,Maintainer plot review rejected this generated TIPSY curve because plantation yield should meet or beat the matched natural VDYP curve; observed TIPSY is substantially below VDYP.
Fvh101,611143,future_managed,1604.0,cwhvh1_cw_hw_m,600283,CWHvh1_CW+HW,medium,0.667,0.279,-29.728,-26.199,464.8,629.8,large_difference_review_required,passed_tipsy_vdyp_sanity_review,not_model_input,plots/mp11_managed_curve_comparison/mp11-fvh101_vs_phase5-cwhvh1-cw-hw-m.png,True,92236,Maintainer plot review found no TIPSY-vs-VDYP sanity objection for this diagnostic plot.
Fvh103,611153,future_managed,294.0,cwhvh1_cw_hw_l,600233,CWHvh1_CW+HW,medium,0.4,3.739,-79.824,-88.869,70.1,629.8,large_difference_review_required,failed_tipsy_below_vdyp_sanity_review,not_model_input,plots/mp11_managed_curve_comparison/mp11-fvh103_vs_phase5-cwhvh1-cw-hw-l.png,True,84563,Maintainer plot review rejected this generated TIPSY curve because plantation yield should meet or beat the matched natural VDYP curve; observed TIPSY is substantially below VDYP.
Fvh108,611193,future_managed,57.0,cwhvh1_hw_cw_h,600313,CWHvh1_HW+CW,high,0.4,0.427,-30.281,-15.98,903.3,1075.1,large_difference_review_required,passed_tipsy_vdyp_sanity_review,not_model_input,plots/mp11_managed_curve_comparison/mp11-fvh108_vs_phase5-cwhvh1-hw-cw-h.png,True,92535,Maintainer plot review found no TIPSY-vs-VDYP sanity objection for this diagnostic plot.
Fvh113,611203,future_managed,508.0,cwhvh1_cw_hw_m,600283,CWHvh1_CW+HW,medium,0.5,0.279,-31.312,-27.644,455.7,629.8,large_difference_review_required,passed_tipsy_vdyp_sanity_review,not_model_input,plots/mp11_managed_curve_comparison/mp11-fvh113_vs_phase5-cwhvh1-cw-hw-m.png,True,91609,Maintainer plot review found no TIPSY-vs-VDYP sanity objection for this diagnostic plot.
Fvm101s,611223,future_managed,11015.0,cwhvm1_cw_hw_h,600063,CWHvm1_CW+HW,medium,1.0,0.426,30.928,53.668,967.8,629.8,large_difference_review_required,passed_tipsy_vdyp_sanity_review,not_model_input,plots/mp11_managed_curve_comparison/mp11-fvm101s_vs_phase5-cwhvm1-cw-hw-h.png,True,94896,Maintainer plot review found no TIPSY-vs-VDYP sanity objection for this diagnostic plot.
Fvm103,611233,future_managed,3659.0,cwhvm2_yc_hw_h,600563,CWHvm2_YC+HW,medium,0.5,0.681,-25.247,-4.497,601.0,629.3,large_difference_review_required,passed_tipsy_vdyp_sanity_review,not_model_input,plots/mp11_managed_curve_comparison/mp11-fvm103_vs_phase5-cwhvm2-yc-hw-h.png,True,93320,Maintainer plot review found no TIPSY-vs-VDYP sanity objection for this diagnostic plot.
Fvm106s,611273,future_managed,336.0,cwhvm1_cw_hw_h,600063,CWHvm1_CW+HW,medium,1.0,0.206,33.913,57.558,992.3,629.8,large_difference_review_required,passed_tipsy_vdyp_sanity_review,not_model_input,plots/mp11_managed_curve_comparison/mp11-fvm106s_vs_phase5-cwhvm1-cw-hw-h.png,True,96058,Maintainer plot review found no TIPSY-vs-VDYP sanity objection for this diagnostic plot.
Fvm131,611323,future_managed,75.0,cwhvm1_hw_dr_l,600253,CWHvm1_HW+DR,low,0.4,0.651,-47.183,-40.364,658.8,1104.7,large_difference_review_required,passed_tipsy_vdyp_sanity_review,not_model_input,plots/mp11_managed_curve_comparison/mp11-fvm131_vs_phase5-cwhvm1-hw-dr-l.png,True,93863,Maintainer plot review found no TIPSY-vs-VDYP sanity objection for this diagnostic plot.
Fvm201,611343,future_managed,14134.0,cwhvm1_cw_hw_h,600063,CWHvm1_CW+HW,medium,0.4,0.329,33.648,39.171,876.5,629.8,large_difference_review_required,passed_tipsy_vdyp_sanity_review,not_model_input,plots/mp11_managed_curve_comparison/mp11-fvm201_vs_phase5-cwhvm1-cw-hw-h.png,True,95996,Maintainer plot review found no TIPSY-vs-VDYP sanity objection for this diagnostic plot.
Fvm203,611353,future_managed,890.0,cwhvm2_cw_hw_m,600703,CWHvm2_CW+HW,medium,0.5,0.138,-24.206,-35.996,403.1,629.8,large_difference_review_required,passed_tipsy_vdyp_sanity_review,not_model_input,plots/mp11_managed_curve_comparison/mp11-fvm203_vs_phase5-cwhvm2-cw-hw-m.png,True,94954,Maintainer plot review found no TIPSY-vs-VDYP sanity objection for this diagnostic plot.
Fvm211,611393,future_managed,245.0,cwhvm1_hw_cw_l,600033,CWHvm1_HW+CW,low,0.5,0.226,-55.667,-61.631,412.5,1075.1,large_difference_review_required,passed_tipsy_vdyp_sanity_review,not_model_input,plots/mp11_managed_curve_comparison/mp11-fvm211_vs_phase5-cwhvm1-hw-cw-l.png,True,92172,Maintainer plot review found no TIPSY-vs-VDYP sanity objection for this diagnostic plot.
Fvm133,611333,future_managed,49.0,cwhvm1_cw_hw_m,600103,CWHvm1_CW+HW,medium,0.5,1.224,-9.653,2.525,645.7,629.8,low_difference,passed_tipsy_vdyp_sanity_review,not_model_input,plots/mp11_managed_curve_comparison/mp11-fvm133_vs_phase5-cwhvm1-cw-hw-m.png,True,90342,Maintainer plot review found no TIPSY-vs-VDYP sanity objection for this diagnostic plot.
Fvm207,611373,future_managed,70.0,cwhvm1_hw_cw_m,600013,CWHvm1_HW+CW,high,0.5,0.006,-8.846,-2.111,1052.4,1075.1,low_difference,passed_tipsy_vdyp_sanity_review,not_model_input,plots/mp11_managed_curve_comparison/mp11-fvm207_vs_phase5-cwhvm1-hw-cw-m.png,True,90442,Maintainer plot review found no TIPSY-vs-VDYP sanity objection for this diagnostic plot.
Fvm208,611383,future_managed,192.0,cwhvm1_hw_cw_m,600013,CWHvm1_HW+CW,high,0.5,0.006,-8.846,-2.111,1052.4,1075.1,low_difference,passed_tipsy_vdyp_sanity_review,not_model_input,plots/mp11_managed_curve_comparison/mp11-fvm208_vs_phase5-cwhvm1-hw-cw-m.png,True,90876,Maintainer plot review found no TIPSY-vs-VDYP sanity objection for this diagnostic plot.
Fvh104,611163,future_managed,3871.0,cwhvh1_hw_ss_m,600693,CWHvh1_HW+SS,medium,0.5,0.753,-4.648,18.18,792.4,670.5,moderate_difference_review_required,passed_tipsy_vdyp_sanity_review,not_model_input,plots/mp11_managed_curve_comparison/mp11-fvh104_vs_phase5-cwhvh1-hw-ss-m.png,True,97324,Maintainer plot review found no TIPSY-vs-VDYP sanity objection for this diagnostic plot.
Fvh104s,611173,future_managed,2751.0,cwhvh1_cw_hw_h,600243,CWHvh1_CW+HW,medium,0.667,0.125,7.977,19.784,754.4,629.8,moderate_difference_review_required,passed_tipsy_vdyp_sanity_review,not_model_input,plots/mp11_managed_curve_comparison/mp11-fvh104s_vs_phase5-cwhvh1-cw-hw-h.png,True,95088,Maintainer plot review found no TIPSY-vs-VDYP sanity objection for this diagnostic plot.
Fvh106,611183,future_managed,781.0,cwhvh1_hw_ba_h,600543,CWHvh1_HW+BA,high,0.4,0.888,-24.327,-8.002,1016.3,1104.7,moderate_difference_review_required,passed_tipsy_vdyp_sanity_review,not_model_input,plots/mp11_managed_curve_comparison/mp11-fvh106_vs_phase5-cwhvh1-hw-ba-h.png,True,96000,Maintainer plot review found no TIPSY-vs-VDYP sanity objection for this diagnostic plot.
Fvm101,611213,future_managed,62618.0,cwhvm2_ba_hw_h,600573,CWHvm2_BA+HW,medium,0.4,0.174,-16.116,3.429,1067.9,1032.5,moderate_difference_review_required,passed_tipsy_vdyp_sanity_review,not_model_input,plots/mp11_managed_curve_comparison/mp11-fvm101_vs_phase5-cwhvm2-ba-hw-h.png,True,94126,Maintainer plot review found no TIPSY-vs-VDYP sanity objection for this diagnostic plot.
Fvm104,611243,future_managed,298.0,cwhvm1_ss_hw_l,600433,CWHvm1_SS+HW,low,0.5,0.135,-2.747,-21.644,959.0,1223.9,moderate_difference_review_required,passed_tipsy_vdyp_sanity_review,not_model_input,plots/mp11_managed_curve_comparison/mp11-fvm104_vs_phase5-cwhvm1-ss-hw-l.png,True,97993,Maintainer plot review found no TIPSY-vs-VDYP sanity objection for this diagnostic plot.
Fvm105,611253,future_managed,10206.0,cwhvm1_hw_ss_m,600273,CWHvm1_HW+SS,medium,0.5,0.39,-24.408,3.286,1141.0,1104.7,moderate_difference_review_required,passed_tipsy_vdyp_sanity_review,not_model_input,plots/mp11_managed_curve_comparison/mp11-fvm105_vs_phase5-cwhvm1-hw-ss-m.png,True,95364,Maintainer plot review found no TIPSY-vs-VDYP sanity objection for this diagnostic plot.
Fvm106,611263,future_managed,125.0,cwhvm1_hw_ss_l,600093,CWHvm1_HW+SS,medium,0.5,0.075,-22.644,-11.849,973.8,1104.7,moderate_difference_review_required,passed_tipsy_vdyp_sanity_review,not_model_input,plots/mp11_managed_curve_comparison/mp11-fvm106_vs_phase5-cwhvm1-hw-ss-l.png,True,97604,Maintainer plot review found no TIPSY-vs-VDYP sanity objection for this diagnostic plot.
Fvm107,611283,future_managed,1298.0,cwhvm1_hw_cw_h,600133,CWHvm1_HW+CW,medium,0.4,0.122,-12.156,11.487,1198.6,1075.1,moderate_difference_review_required,passed_tipsy_vdyp_sanity_review,not_model_input,plots/mp11_managed_curve_comparison/mp11-fvm107_vs_phase5-cwhvm1-hw-cw-h.png,True,96060,Maintainer plot review found no TIPSY-vs-VDYP sanity objection for this diagnostic plot.
Fvm109,611293,future_managed,388.0,cwhvm1_hw_fdc_l,600203,CWHvm1_HW+FDC,medium,0.4,0.284,-21.106,-5.323,1045.9,1104.7,moderate_difference_review_required,passed_tipsy_vdyp_sanity_review,not_model_input,plots/mp11_managed_curve_comparison/mp11-fvm109_vs_phase5-cwhvm1-hw-fdc-l.png,True,95690,Maintainer plot review found no TIPSY-vs-VDYP sanity objection for this diagnostic plot.
Fvm111,611303,future_managed,75.0,cwhvm1_hw_ss_m,600273,CWHvm1_HW+SS,medium,0.5,0.38,-16.136,8.663,1200.4,1104.7,moderate_difference_review_required,passed_tipsy_vdyp_sanity_review,not_model_input,plots/mp11_managed_curve_comparison/mp11-fvm111_vs_phase5-cwhvm1-hw-ss-m.png,True,97103,Maintainer plot review found no TIPSY-vs-VDYP sanity objection for this diagnostic plot.
Fvm114,611313,future_managed,3158.0,cwhvm2_yc_hw_h,600563,CWHvm2_YC+HW,medium,0.4,0.109,-11.189,12.538,708.2,629.3,moderate_difference_review_required,passed_tipsy_vdyp_sanity_review,not_model_input,plots/mp11_managed_curve_comparison/mp11-fvm114_vs_phase5-cwhvm2-yc-hw-h.png,True,93596,Maintainer plot review found no TIPSY-vs-VDYP sanity objection for this diagnostic plot.
